filename,category
0024bad614d43a571397f38449f3a1bc.jpg,01
007b77b44e110fb6cc78dc7361c660d7.jpg,01
00be15de5ebf1c990320e35a0a07cf68.jpg,01
00c1116106eaa48f809bdabb4f730244.jpg,01
01ab7fe97a3cc904c69d2dcd6b256981.jpg,00
02c025eabfb20297b59a5f2f7360acba.jpg,01
02daa59d39ae9e839de47bc2359372f3.jpg,00
035ceb00c4acd20613abb9fe49ee8e33.jpg,00
0387ea5b083ae8124f488b7c15c5cb0d.jpg,01
03f17bb62b6525b95743c9b45ec6435b.jpg,00
040779ec63b221b3fa88495e0810234f.jpg,01
045a64b124623dbe0f9da140ba502203.jpg,00
04767088d769a0711e01732efe68929c.jpg,00
0499c1657cb2d93dc72d6ccede03d89a.jpg,01
053e7daba219a677b28da4ec775fcad9.jpg,00
055ae3d8cf5262bc14855ba2592c61c3.jpg,01
05cf71ca754be8c6c6f96e2cd3c985b4.jpg,01
06fe29f5b3e136e2bc853c48ef689626.jpg,00
07096d4f58cc28ac2ca1e5bb0c617575.jpg,00
071cdcb17b03405188643c999018b906.jpg,00
07924b5ad3b6878e1df841fae51f3a87.jpg,01
07f7c064fbf1b933022ea897f80dccca.jpg,01
08181cebdf03d97bf1111ca917adbe27.jpg,00
089c8971b58b8136a3d81ed772d483e4.jpg,01
092855992c0a55eb08a318d88f48c7f5.jpg,00
09a51807798d1c2c14721be5738e8db1.jpg,00
09a822daab0056bfff1c924057af20ef.jpg,00
0a35953d730efeba69ee848ac3cd1976.jpg,01
0a7e35413062468621b7254fa0bf5a29.jpg,00
0b0baf1a0e915b1ee9575fbb91fad853.jpg,00
0b6c85fa7ca108d3b45df4eeeb366014.jpg,01
0ba16f3a60b662abf1c5f109a92fc5a9.jpg,00
0be253a172abcf39a4dadfdec3cdfa0d.jpg,00
0c2a94e84bbbe95984cc1eb9304c4159.jpg,00
0ce239a340040f6bef014ed08793ad68.jpg,00
0e68c88ed7e256bb43cf1f5f94901321.jpg,00
0e77ce029f3985261f0f1a73f33d46d3.jpg,00
0e853e532c8932771c5d21429478f18f.jpg,00
0efc1b160368ea0ff6fb4111a2bc05a0.jpg,01
0f26e9726c8c45e8434f59f1da46303b.jpg,01
0f98611bfe1803be2e28da467ee47c5b.jpg,00
0fa9764f88815491f548fa2ab9fa54d8.jpg,00
100c4a83748eeb7f73b37b6266183325.jpg,00
11208b6198c1958a12e0dbdfad051f71.jpg,01
11c9981bd628010f765b14d5ca085718.jpg,01
129641f39a5cc37fa7a4e2261a91c3f4.jpg,00
12af04d35c1156c52eeff5e1132e79e8.jpg,00
12e676091c3219ae22c1851ac5121644.jpg,01
130deb9c4401ab67e14069d837f79cde.jpg,00
133bf282cd606e8866df945ce86ef3f9.jpg,00
13e819dc2648041ee51e842cab346591.jpg,00
147beb4dbdea6d0fdeef36ffdc4de282.jpg,00
150f969f48565a5ec2afa3865e0e0517.jpg,00
15d5649e69c6b2b3b6ab935c9fcd32ce.jpg,01
16302a2c3a6a9cdd2dcbcbac15f5d8f3.jpg,00
16754bf885d0d9cf870377b4a394ab83.jpg,01
16c2d1b63ca7c260c32e09a0327ff738.jpg,01
16ce59bfffb9ee4212fc01248cf9f2d5.jpg,01
179b57fd95963aaefc2d58603469d8cc.jpg,00
17b080529ee145ab83718e20d32dc8c7.jpg,00
180be953c3f2b476125c7244716d7d21.jpg,00
1920f2fa1c1a83289ad574829be828c8.jpg,01
1931b178879f0188a335d6b094a26b71.jpg,00
193a31b60e3722564542667b107f566d.jpg,01
195b7b52aaff272c45bf02d4df7ee12b.jpg,00
19a5b7c239e034efd097683d7a787af1.jpg,01
19d80526e0758c431974daeeb2647aad.jpg,00
1a1c6f66e602fc56bc76973459ffce77.jpg,00
1a7d8ef8fb035234469ea85ec6d09c91.jpg,00
1a8897cb4d7a6eb75b662ea6d2ca9499.jpg,01
1b4024da305ce74941c8900fd2501032.jpg,00
1ba47fad280dcfd5dcb9604b515492e7.jpg,00
1be87797b18a120201ee2e80fc865693.jpg,00
1c2dc7fb4a342e2c6fa19499b236596b.jpg,01
1c4c70741fe3bd3768fe426e09f281cf.jpg,00
1c5556d55278a6e1a088e70aed885e19.jpg,01
1ed7b67ce6b1fc24cf051b838becf355.jpg,00
1f15e6f1685b41b2cae66075ad3088bf.jpg,00
2008e4f5fd4df2e31a7e3ce11dd7fea7.jpg,01
201d381aa34dafe9927296a87086069b.jpg,01
20a07b421681b6ce424204aa641df656.jpg,00
20c244544e3f69afbd8c5daaa491ed17.jpg,00
212816ed003dffa5d3dd94fd840d1642.jpg,01
22b95eaac826085cacf17f47ac5543ef.jpg,00
22ec2153ad6fc26ed67cdf453fa8a1d4.jpg,01
243254d0b8e41fe6d2a8b928df15fe6f.jpg,01
244484753bf70bbf8bc061603cf18140.jpg,00
24e6ab307657d6820ec07409d3674dc6.jpg,01
2543bf25ab1981a87d24992c5b5f1e32.jpg,00
2546002668dbac275ce46d30c06b949f.jpg,00
255912de89ad06930642e5015b7c1c3e.jpg,01
25692c180a87b3b881213343325e5563.jpg,00
27f672e5ef169793a4ef567de6f73d9b.jpg,01
27ff739c91e1a653fd631453d73b2abe.jpg,00
282e052b51fac102549884560820b6a3.jpg,01
283aedc5073895795c51af63d3cbbd82.jpg,01
286d64c92d62b60ab8bbd05f9b74e982.jpg,00
292291fcb2513a2836ea68ee93698211.jpg,00
29891d614b25b8d7c8718120da93aa13.jpg,01
2a9472f999562f9481ebdc00efe104f5.jpg,00
2a9fc4453513e9fd4406f61c13f4e670.jpg,01
2c5584e1f65e0af7fb7f4d4b87692643.jpg,00
2c86e99f059e7552900af42e2482f518.jpg,00
2ca0067632f03f0b6c1061c1b1332c6c.jpg,00
2cd2b15cfc2686dbade3449751436dda.jpg,01
2d0942cc95ff46ae646521b6a14b53a8.jpg,01
2d887b930015b7ce87a909d1f63a3667.jpg,00
2e5f592ea7789c53261870a908770d66.jpg,00
2f465c11a6bd384fc76774ffad9bbdb5.jpg,00
2f7fa3c0959b2ef8f20fbc05a1da7b81.jpg,01
2f9b50f17dc91c1cb50503b9efeb9a06.jpg,00
3198204b7ef75aa58442339bef980483.jpg,00
31bb1e2743b393a6c0d5f7b1f3b01039.jpg,01
31e076c59c46d7bf811871de834d7f18.jpg,00
325aba342f757e50cc49a56f310e61ed.jpg,01
3297e2afc57199f535d5b4a625c59bda.jpg,00
32a170db0c2002e24c7ad5fa2dd25777.jpg,01
334766d894e8416e9d03e2f1e83f0b30.jpg,00
337c4304e6545b851d13ec0302e6b133.jpg,00
33ef39404f3a4e881e9013d1d8b7e5e3.jpg,00
34d0e4ed438c0557ff2227d05c509c86.jpg,00
34e891c922365b562378112ab8b98405.jpg,01
34e9119ed729c5e77a597d6945801064.jpg,00
350057ad9d87a2ecb6df477d1c9819a7.jpg,00
35c92d22e19d074265feadddb6feaa7c.jpg,00
36364ec61bcb20f2727d22b01f621568.jpg,00
3682da182ac7c8cc4500990986945190.jpg,00
36d422fd48fddbef0c8861da80237853.jpg,00
370eddcdb5b64502796b6684ce2b0b4c.jpg,01
3785208b6674e6a83d48efd917f80492.jpg,00
381a89df18df1376512b47ba66b6b3ee.jpg,01
3830bc3d541751635321a8af914fb832.jpg,01
38d2e41f510e98076668e4c0beb062c1.jpg,00
399e69eca25077ecbdc3e64165251361.jpg,00
3a3186b485fa4bed94082fccfc2a47ad.jpg,00
3ab43d585dbd231e522006c2e1516820.jpg,00
3ab533bb97f2c1a10a2a14ee2b4b670f.jpg,00
3c28efefe494ee389bd370deaab6de3d.jpg,00
3c5dc43465a329187447dbbec83e99b4.jpg,00
3de1eb4754f9f39349e37e3ca45de5da.jpg,01
3dff7826cf00fa4d67219af02b06e37b.jpg,01
3ea34bfcabe4c6084fc87995a7754fe4.jpg,01
3f49c3147ff7bf53a40225070fc23a76.jpg,00
40e2a4f7b0fa80cc2200eb41bee47ce8.jpg,01
414dc2f84b86a05a370500a9da4b9daa.jpg,00
41b8d6c7b78a01f77ed909c27c081794.jpg,01
42257eb4d0c6cb4913f829f67590333c.jpg,01
432b49d793b4949656cb2734c37c57e9.jpg,00
435ec2e974ba36f2e868a96a18536f97.jpg,00
439095d8b009b9a11040b0e38846ae42.jpg,01
44ad5e6bcc04381b510392ab64e1bf1d.jpg,01
4543fde90d78624fa177e6931c4c3078.jpg,01
4578edd241a10d16a1d2b82d6fdff2bd.jpg,01
46413162018cd3d922c1361426f81f64.jpg,00
464ba1e47fb9b7acd3dd601ddcafcc50.jpg,01
46935d7dada26913a69b7284effcb60e.jpg,00
46c1e02832aa56bfe6f8821768922192.jpg,01
47285df4d9abb52b723f4a5490c0553b.jpg,00
474c2f414004620e04f25b379ef04d36.jpg,00
48362945805a97771ed018e9a873a30a.jpg,01
4884b269b7b44d3ccab2f28a4a92c52a.jpg,01
48e64ef0ec283c927e18fde0f09c83a5.jpg,01
4a83f6ba94d60acdc3087e75bed12ae9.jpg,00
4ba67ceeb431214bd80a3a3c600fd6a6.jpg,00
4c376658816a7da6b3c51a17c619be6e.jpg,00
4ce682a22ed403ade16464015b94f843.jpg,00
4db9b2dd4b4ca0b708707a8e5ca11210.jpg,01
4dfe51a24a9fab49ad0f615ce399d937.jpg,00
4e5605ba582f2a27b908287e017da30b.jpg,00
4e9277eedfdd395c8910c22314a11bc1.jpg,00
4ea4e93d326ea589aaa1799c2c4afe7f.jpg,01
4f4ac25f31a06933a6d10f127b3a7778.jpg,01
4f6e89b24097e35778171f2fde6ff36d.jpg,00
4fd2d360f5ce7bb63f8bcbafabe00d7d.jpg,01
506e19674c4ec2225eef8e7b7d107d64.jpg,01
5092cb000c483c7c8f48a2bf53bbd8c2.jpg,00
50e89b65a9fd89805c10e9054711e3bb.jpg,01
51f4cb955ad439ee05b3513406f38645.jpg,00
526841d2aac653dd6a502fa69b55621c.jpg,01
5278d0c2965e4026112749d34faa6f51.jpg,00
52d0cdea93cb7d8da75796a90deac312.jpg,00
52e3e75b183908198a7839e7ed63f423.jpg,00
52e8dad84c51ce0d8a3c2a90e5cdceee.jpg,01
5373f7290838a49623e134c5fd143381.jpg,01
53d38f04bb46920174fb3cff32115a46.jpg,01
53d5d895e8d1fb0aefbd1c9a02775fdc.jpg,01
53f6ac07f714ce6912fed8351f91d72b.jpg,01
548ee2df361c5d9c5a501b3d80c4c3c9.jpg,00
5543469c9ccc42aa816d42c422c53eb1.jpg,01
5551ce2494043e71e7f5750d8b0e451b.jpg,01
567ca75ba17263f6739d970044258ab0.jpg,01
56d559afba36ce5722706bc233e07b47.jpg,01
5770a83558b57bbf8a8b72aa38423b31.jpg,01
577720c4aef7b33a290c0fc237a83d25.jpg,00
57896e24bb8810f0d9c73d615f9ee3d2.jpg,00
57bf470341eb9cdfe3b28266d9c708b3.jpg,00
57d07bba9f9daec5b23ecdab792848a4.jpg,01
588489cd8d68281e3789ce932c74a8dc.jpg,01
5980b27bfa1ccef775e3d0ee841f4d92.jpg,00
59b3b2b85afb42bb20d663f9dde07181.jpg,01
5aba5ccaaea1d1f0e7cc72fdb651942b.jpg,00
5ac3d92523f8d88571514efa47babdd3.jpg,01
5b58448c215283536066422cf5617225.jpg,00
5b62c3aed0dcbfb0fea50041e9a232c8.jpg,00
5b66d712ddc1abf21d3500eb6ae466a7.jpg,00
5b799ae37f850798c54d6746f75f29f7.jpg,00
5c0b503d97b7920a78a6289c4f77d18a.jpg,01
5c1f4f36fc911d7301459c16691d86d7.jpg,01
5cc2386d583924bb439030b4a93130b0.jpg,00
5cd2528d5110c9fc4257c2ee1bff7830.jpg,01
5d524b8140998fbb02c9a666cfa01bd4.jpg,01
5dece5d97a674eae2efaf35ce99834c7.jpg,00
5e2c54b4696b8640556fbe36ce64eda1.jpg,01
5e37b1f05161cb672e732e1da0c9c042.jpg,01
5e7ec0e2bef5d51cecf8b8fd48ad3567.jpg,00
5f09eaafbf59abc459c39d50bca5508a.jpg,00
5f2f8f60c66028f01898fdda50d27f9d.jpg,01
5f9a5b28f01b0b51667b63bb988e79a4.jpg,00
6010e7da7a3e0a09f626490ecdbdf732.jpg,01
60832dacf0ad913754994a4dded83e84.jpg,00
608ebd509c381ab3d79c766c6859613d.jpg,01
60947d9ee391e7d400211706ecc54d27.jpg,01
61cd86ada91e6e8cbd3a7f9baf7b38fc.jpg,01
6227ddbe2547adb45078a04396433dec.jpg,00
6271cf5754e8fa38aa19c28ba2d08124.jpg,01
6305f0b561f0854077e7c4da7d2994cf.jpg,00
641a90716281613c27511049ea516834.jpg,01
653493b09c4ed4d5d16d5a69509fef17.jpg,00
656a4b255f93d853b926e05e8f51a4af.jpg,00
664f6fbe638b56873ce48e34c72f7845.jpg,00
66e9f4c689b31e3446cd4f99f4e18864.jpg,00
6891cff16d54a25eff9fd6df093177ce.jpg,00
6ae0038b5b95b840c455d14daae0b187.jpg,00
6afae5fab90b81a0ff2940529244b3e9.jpg,00
6b02b11fa812fec68e5f2e7a790bacbb.jpg,00
6b2000bf95080a86e530a619cccb87f0.jpg,01
6c0a578edef0c5ed7af0b01dda69341b.jpg,01
6c59e272a191a7bf3532c7051b0688ee.jpg,00
6c921a3ee146c2e5eca11e4a816fea77.jpg,01
6d52fba7daf74d851aca60d0b6d8f2e6.jpg,00
6d6fa4be5092de29724e900bb13dbddc.jpg,00
6de210cb997d6d05c73bbf59b22d54ff.jpg,00
6dfc612b1eff15ef9d8d2367785106f0.jpg,00
6f1cba384d681f9fd58369158a2fb054.jpg,00
701453b212c6bba13d1f5261b4ca5a1e.jpg,00
7042adc006dd0c78fcc5b69b70710b51.jpg,01
7134d9a9587681cf2214dc20ff07d3a6.jpg,01
71972a42624c5a1f76e13f2d75398bf8.jpg,00
71dd5264a3d2f9b2db83bab14a6eda52.jpg,01
73e30b23593fe244f7669e04458c00e0.jpg,00
74048868f531cd35409fa80004cfbedb.jpg,01
741122c3df79a5b25e604c47a87c451a.jpg,00
74ccb393847ba9538c4ee03948cf5d7d.jpg,01
756ed6b8d98e4b4ff153c1509a3a6739.jpg,01
756feaa275450941bcb426db290b5c47.jpg,01
75a8d790053e7dfda3787fb513964a43.jpg,01
75ab0e1446d4c22fe6be46b439c57b74.jpg,01
75cb35b9d24932af3913de0a489ceb3d.jpg,01
76f72d86da80c0ebf7f310f71a18fd5d.jpg,01
77f888fb3d98420772e37a560a3b65ec.jpg,01
7858aae222acba94179ffdb3f011c14b.jpg,01
79a83a8e718b05244970d958f92dad73.jpg,00
79aed25cdfb5b330cfacec624d9bdb5b.jpg,01
7a3550c87c42e0a9ac6967fe0d9e19b1.jpg,00
7aa449ef0912ac2e618760dccf0ded8d.jpg,00
7ac007de957458736480481ca0f0bd47.jpg,01
7b57e48f9131391ad54ce5498d4c4be6.jpg,01
7b646394a4a6b7621795c8edb4f63eba.jpg,00
7b8aa283eebc9ea118515a8f3393ccd4.jpg,01
7be4b791246c818bca2c69479bd4f5c1.jpg,00
7bea97448e403b560dc04135b5e75608.jpg,00
7bf8e458f619269b37337f6db14da36c.jpg,00
7c1e5be65a6fd8c587cb178b672ae83e.jpg,01
7d898c12c3aa24428abbb84543e9de4e.jpg,00
7def5180960a6bf86786ddafc7379d2a.jpg,00
7e57e50c3920ae629bee9c5a5c5a01ca.jpg,00
7e7ffe5c5b75cbe7273ba44f532e87f3.jpg,00
7ee995f0ae4489b20d908d601a6a474a.jpg,00
7f252cfc96feb22a53e0138db9748938.jpg,00
7f602b67cf36a4b18899266c32954ed3.jpg,01
7fe7e3bbcfa6f8d1f59cef8ed96f2017.jpg,00
804888b210dea66106e7a8bafc61dfd8.jpg,01
80ea139af0f05a38991a06c6e6953744.jpg,00
80eee058e9e82cd21bb327a01fe9b073.jpg,00
8115dbd7b5cabc2ad333ee2736e8d7b0.jpg,01
813a9d6e96a8490eaaaf3c27493aa776.jpg,01
81a1b5eae8918ac63f63804bf583ab12.jpg,01
8270bbd48ef7b57a1adef360186097c4.jpg,01
827f1d12fabf3b66a8c92fc6fae0bcad.jpg,01
828d639b3b72d83cd41a1a8b01d0ef0b.jpg,00
830b48ef3b197d62829b521f38194be3.jpg,00
830c91dccc36386626adcaf950b930ec.jpg,01
833da9915526e8fc71706194446ad494.jpg,00
835f328a69bb3aa84ab415feb07ddd99.jpg,00
83832ddbd005b74bf9d6a080b990f932.jpg,01
848e53a04f51aec94eecc62319815c53.jpg,00
84d0a4daa61a25b75712e8df03710a7f.jpg,00
84e037a52df5aeeee6a08173ee2fb605.jpg,00
85b6fb3d538b75b24d10d75b5029a2ef.jpg,00
85e203050d9707a258730d9de5dd3d0d.jpg,01
865aa7f3a081015aeae1070b8aa2b3b1.jpg,01
8733f6be511efd14b3f0e54c3743474b.jpg,00
87b6718f256627825b3c22d0eaf8f136.jpg,01
8803922cbe3e963106201498180409b5.jpg,00
88b5e9ae66b66a430f6f7f80b16b2bc4.jpg,00
8972b86760fdd80760dc84e68cd0a1cb.jpg,01
89a26eb22716b5bc0a12ac13a31d2b8c.jpg,00
89c9176f9bb746a60fb1d10a566c45b3.jpg,00
89cd3b92a57338040a339522bfbed2cc.jpg,00
8a78639df5cd042f717da410170b68b2.jpg,01
8ab5c2db2058a35eeb4bc0cef6275f32.jpg,01
8b5e2807b748fb0b00a8d59f8394b4ea.jpg,00
8b75a82f48206de4e0cd1ace64150671.jpg,01
8c13af8ce852746f2e7fd77f0ca75fba.jpg,00
8c1f683fd94f34d272dcb4e76ec842aa.jpg,00
8cc84527c5494d55904cb83cd25b1fa6.jpg,01
8d6abea02d1e5f4fe0d5dc9db823b968.jpg,00
8df02140bea59ccb1917a62b244af8b4.jpg,00
8dfc4c912bc310d3d6470c0b93ac2959.jpg,01
8e2c01ab5deb38732e86aacc7c1181e1.jpg,00
8e74ad0c3c499840b41dedd6c9fe5793.jpg,00
8f3e46787db3aad1401918a0247b652f.jpg,00
8f9ad48da1f8b7c04eee1b8a8f2548dd.jpg,00
8fd57c28907aa8344af5b7b3ab9e6b35.jpg,00
8fdef5fd9d6b8456ec548cf2b523d734.jpg,00
904149b990e88fdc8697ef73ac964c23.jpg,00
918937fdaada179fcea741787986499a.jpg,00
926d80ded016da42b10f2d695b6ade16.jpg,00
92a5b1978c0b5821c73a1491442cd507.jpg,00
9375c9a177065d5f1a4e2c0872e2b12b.jpg,00
93ce3af94bfd292aca7daf21e9ace5a0.jpg,00
949687c8a46a2a7f0f0153a663df5c70.jpg,00
94b0fccbd8079bef09976f0ab7968649.jpg,01
94d2bd2ffaefaea8fd8f67aec8a0c142.jpg,00
950dea3152dcaf9556b1a47ff872559f.jpg,00
962e2056d2c301a49a8a0258da821425.jpg,00
96b3edb60d8358e21b056ad07250b288.jpg,01
96bfdc96a37409217ada82ff8d154353.jpg,01
9726d4fb8c5b42f73a61cd0df80653ec.jpg,01
97e9a171bd147edbb1feb62e941c356b.jpg,00
98a7d1e612f617b05046bc07a5c5f9f5.jpg,01
98fbbaf26af31c7b5cdeac3920717181.jpg,00
993d413ad8c5c0b2af36201bd608b813.jpg,01
9959646eb7276c6150e7f8f02335e1fa.jpg,01
9998446e508c4c2316d000d69f9fb0ff.jpg,00
99d88833a83339b9705621183c9d7792.jpg,00
9a6237eba2a3572180bf2b7495ebbdea.jpg,01
9c2bfe6b327b063a8d97180eef6c02ec.jpg,01
9c5d16ffa0484edff3a9805705326391.jpg,00
9cc2f0d19811c333b66878e0398e275a.jpg,01
9e2cfcbabed0bb3dc155ad29831a7e7e.jpg,00
9e3457b84b0ac33951bde7fba18cb273.jpg,01
9e7d853e540458817f0ec96eaf460f64.jpg,01
9ed209fa2b5ba2e74642786b8b06b672.jpg,00
9fbad61a64d82a07cc4c8dc43fd3debf.jpg,01
a0154eb8c13297b76f41db047a4e736d.jpg,01
a093e3cf61f8d32905aed89c86ccfcb0.jpg,00
a0b405d79b95372c575c455b1e8683dc.jpg,01
a0b9234aa22cafb1ec02f1bfab20f0bc.jpg,01
a0cf1f2ccf04fc053d825be7d60d2426.jpg,00
a0ea4c611e828dd945cb46d0a34f9aa3.jpg,01
a0f5642fc0d2bcab39d76931a1ad91de.jpg,00
a128640acf4238114e83cc16df6b5379.jpg,00
a17f78752188f97d174dbedf5107ae3a.jpg,01
a1a421239415c6057fbea57c3d722b67.jpg,00
a24f66e632cb59afc38fb90518865199.jpg,01
a388dea663095394697c0e7c82de976d.jpg,01
a3bf964ac1bdf239d5138499a0ac422d.jpg,01
a3ea7dfd485dce1c3df67d8a01849032.jpg,01
a3ebc60c3f99cbdb957c0e66ce542661.jpg,01
a4143b69ef6a98ca193626a18bcd7a20.jpg,00
a5fbe0758cb56fa7ea9079d4f3531b8e.jpg,01
a604eb28e48c2bfca7aff223db868817.jpg,01
a6ffb9e99b156aed038f4023c458a279.jpg,01
a750faef30d3333f70006a05f3578bae.jpg,00
a80022877c569d34ba4794a5573f7152.jpg,00
a8363e5650f0548c25bb358d7c8a532f.jpg,01
a85ff46496e22ffa0c43dea1433e9e94.jpg,01
a890fc2896fe3daf9abf11ae4179f046.jpg,00
a8e08b7e7622a35f62cc31759688efa7.jpg,01
a8e98dba69889ad103feaf3c8044e809.jpg,00
a9c086c30be0ff49a9da5c49dd761bb4.jpg,00
a9e972b9701bdb11e1d9f37ef0c4aeeb.jpg,00
aa3963609b2f695a2da46f0f06a6ebfd.jpg,00
aa54b1ec636dfc076fea5eccccb69d9c.jpg,01
abf4e79b885e3cb638c6e72b4b71eeba.jpg,01
ac7cfa98c505037313dc7c07de9c4c54.jpg,00
ac8dce0a4d963d850785ac2a8ea4ed99.jpg,00
acb217cd8e3751d9ab46a2607a51cc6f.jpg,00
ad5e742a1a66e1936a0a7570061bb446.jpg,00
adad1bdf2f863da8d463e5fa0b4bccbe.jpg,01
afd4a4d93bfd99cfcaab923fc9887dd2.jpg,00
b0100855392e6890f4bb72259bedecfe.jpg,00
b039d6e9a0106f4d5fb767fc758a6ca1.jpg,00
b0b8bf5315f87383c93022cdd0bfcb6b.jpg,01
b0d46a562c06f952e0d5559cf40dec57.jpg,00
b212ad3c5cdfc9be8288113de0da8e97.jpg,00
b2866cf78d6a03dd4ac9c70e354a28c9.jpg,00
b4114b3db15cf3e8869cc16f42bf8f61.jpg,00
b497a30996c902a83967d0181445423e.jpg,00
b4af50cb3aee3d20a25807c6b557d537.jpg,00
b4d5317f30194aae25742563a7ec96c5.jpg,00
b4fd0d2cf6f540a2307d17c99be4d1d0.jpg,00
b50c4ec51bdf92dafcc4e610191e17af.jpg,01
b53d16ac43197f4f6c3f93fa7562dee7.jpg,01
b5606aabe785e02e155a7c3f9e119f84.jpg,01
b61b1f87d4c888c8e3caa5394fbaa922.jpg,00
b665de3544868f8fc63708e173505183.jpg,01
b6f31440c67ec9cf12f3c63d3eeee5cc.jpg,00
b7828d58991088bc4088246434d987c6.jpg,00
b8119bdbfb906f2a249489860289086e.jpg,00
b84b9107768505d6c4a37fc524bccce8.jpg,01
b8aefe7c3fef7c41418a99de3e3dccb5.jpg,01
b8b074699a4f471191f58029a261d48a.jpg,00
b9772519d81309a7e33192809d08edb2.jpg,00
b9909277fb2c07de52f22d7f41745d4a.jpg,00
ba15ee36c3dcdc136c5dcf070f8f0f7b.jpg,01
ba9973e6532f5d7ac616b57fe23a6cf5.jpg,01
bbcc415c66a1ab1d2519b82497aee9d4.jpg,01
bc4cac3358ffba7e9e4840b715675e06.jpg,01
bc94fcf270b0b75ba5af7dcdfc92133e.jpg,00
bcd5f97ee2272189237e177ad58382e4.jpg,00
bd2625924a63822712e9db65cd48efc6.jpg,01
bd8b962e88c1f5b57ec3090f8e1811dc.jpg,01
bdc8d90eddf620b5b69d2d174340e45b.jpg,00
bdfea0989e744e3970d3a47b089127a4.jpg,01
be80e7d100e1ec5fa7e10631178622fc.jpg,01
bec0fa406e8dab6a95a3030224611194.jpg,00
bf2fc982f03ecb9b155783be269948e2.jpg,00
bfa4df18d8ae6b5ee21b179a20ef1e21.jpg,01
bffe994c705b355c5bad4552c3acf23a.jpg,00
c007163c40ff462e93f3b7133dae442d.jpg,01
c087a51317b1f1bb118f9226312f78f9.jpg,00
c0ec76fd0d7bc7d2677481ea50b4e91f.jpg,01
c151173d6a13953e9c2fe29f1b117d52.jpg,00
c169b7869b0b433f70a3e88479a7577c.jpg,00
c1a2f0b68adb09db7f9c546bf743451a.jpg,01
c1ebfc11300d3f8d959cfeb50dfec3cd.jpg,00
c1fc996bc6fe8de819298775a0ea41ea.jpg,00
c2aa8b43301c6fa11a86c4685bd274da.jpg,01
c3ac8d2050b28ae2077a1aba0fd90cd6.jpg,01
c3c70d536c2b985dcbc2998e35fdb28a.jpg,01
c43925340bb75640d8c3eb242fb4f5a2.jpg,01
c54396752184c15e692b8dd3031f625f.jpg,01
c54ef9fb0d4a68f658a79e63f82e0366.jpg,00
c5c14a64f64c3adef6246747db3dbc08.jpg,00
c62e079b6a7ff0ec03d59944ed79bd15.jpg,00
c64e7761eb36339b154335d9fc91f9ba.jpg,00
c65f49403279bee0cee3431a3d006fbb.jpg,00
c694ec56dc5e8e395da5e3cbdd095076.jpg,01
c6ba7c5bf1bd6b492971d7da4c59389a.jpg,01
c71057acbc2b489f7c08bf03064ebf50.jpg,00
c7bf4a2d9f7e3c7113281c304793633e.jpg,00
c7dd0ac50838dd5cee0114fa187e4498.jpg,00
c881cb7bb808479755afe73d89ae6c25.jpg,01
c91d25342e2cfed1f1f7ae6f790e4382.jpg,01
c960c76b8a020992c0b96dc99f570ff1.jpg,00
ca400c4147a99c144c50946ac47eea8d.jpg,00
ca5ad9d7cebdbdea8bab3cac3a3006b5.jpg,01
ca6cfb4a938d7b8887ba17f7e3953b9e.jpg,00
cb039abc1a4a814d074febda7fc72f88.jpg,00
cb1ddd6a15c436a1b98c2e5df21789f0.jpg,00
cc2963da116aafc4be0dd23f0cc71e48.jpg,01
cc3a4b9ac39cd42a1686d44cf5b585b5.jpg,00
ccee1f18471bcc1c9d91ccd28ab452cb.jpg,00
cde5460fa2516827534c33be423cf58c.jpg,01
cdeb315884f097a00e51e9a8af4fd98a.jpg,01
ce24b47caa30d5b2a03e79dd47a9e3ab.jpg,00
ce43f23d5cb9495040881335ffe22389.jpg,01
cee68966f5710c07013aa028d021533d.jpg,01
cef7ff8c680241ba52c22bbef251296b.jpg,00
cf39328c6fbf0ba75a740a17c5338f1d.jpg,01
d0704f4802773d186f937479f2444c37.jpg,01
d0994769fc5a15015970e07596aee853.jpg,00
d124f8b3058bbc7eeea5e66bd4eb17bc.jpg,00
d14e67d712c7e0a07029e66ecfa38e1d.jpg,01
d259dbb1a18332ef0787a1e5687cc8c6.jpg,00
d3bb23c7f37dbea6b3fb0eb48e95fe5f.jpg,00
d3c01b1864ca243ab3ee979e513f6d14.jpg,01
d41ae4b12f95ddadff372336f4db8f27.jpg,00
d472c6d3f9e56cda3e7c92b2cbebaae6.jpg,01
d4cd89978665b54f726b60c6708a5ca1.jpg,00
d501a3d501e11ac1c93e4cbda1074983.jpg,01
d50642fbb88ddd98719e0b3b5eaa6cdd.jpg,00
d50ebe9a1cabb7948aaf3cbf6e183105.jpg,01
d5ada5b2b50434d3cdcd632d9473b5b0.jpg,00
d5d5087a29b27959c23fc88dff380e52.jpg,00
d6c3be869380e065d0f4fba9d83d2ef6.jpg,01
d7f4a56c009f68d155d54d1a5f2cb4a5.jpg,00
d81cd8f4bf4b48520a2a17424f42c9f6.jpg,00
d81e3693676ee00c21c3b4a9fcd65444.jpg,01
d848904afc86d5e9cf61678ebcf5c363.jpg,01
d881412afc4e613f8b28be4de46be149.jpg,01
d890e0ec3311bac4b6557aa4743f9d56.jpg,00
d896413fe0deea6cc367d3915f334d23.jpg,00
d8c6642e12d48c12352a9b7f297140fd.jpg,00
d93a136be6c68c2dc463129b1d192dfe.jpg,00
d96d79fe98f79d998c1f1ffce1e94cc7.jpg,00
d98f8fde5ff339c35005a1783c7e1974.jpg,01
da2db858c9b2363a0a12caa561dbd785.jpg,01
da733a45b8c442f26d0974129fc004c0.jpg,01
da7c82f9c7cdba01af3be2fc617b52cf.jpg,01
daac62a0ef60be9538fef1ea24082021.jpg,00
db02d826323dd3464f20fc572b7110f6.jpg,00
dc76018ee3355ee3dc7b3b2e7278ea0f.jpg,01
dd4a68c1aecad1dd97f673394b9cb152.jpg,00
dd7189cfeb1b94537fa49c0c3bdfe6ac.jpg,01
dd87048ccc03eae7bee00282c18ebd18.jpg,01
de9bfbc597437de2192f51fbbf088b62.jpg,00
dea04f7888c5a6a7d0a6371a68ab28cf.jpg,00
df18b1d0882f3429d964fea0c1dcb060.jpg,01
e1a100167842b8efe43bcbc379737c3b.jpg,00
e26e27bdf16e12f0a3939882ec211a51.jpg,01
e2fc7f8d82f0bcf54a3dac6a8f7ab237.jpg,00
e309f4654454a47e5c2ec38316a5ad96.jpg,01
e3905dafcc4f58380791c289f8e1f5f0.jpg,01
e3c0da22991837dca0cfc20937136261.jpg,01
e41a980f71fd4c0f73879ba2e7296858.jpg,00
e42cabbb4f5217dac1b1b81987387023.jpg,01
e49c6f4a6a81f2f5efaad52d23501b63.jpg,01
e501f81fb96b878d114043b17a084d46.jpg,00
e55090cc31c7f4b0d5981dda3531c2ea.jpg,00
e633b60a1b5abefd7d95e52fdb5b9a61.jpg,00
e675421496beab73d812d4a7d117b41a.jpg,00
e6823928c48f45b8df886fdeccfa15cf.jpg,01
e68cbdd7b67b336327c8b3969fe60554.jpg,00
e6a37f4624920b35467f14e2f2b897eb.jpg,00
e6b88039386dc9aa1755c64bd976f9ab.jpg,00
e700b2277a39c35d5a81a50d2872db50.jpg,00
e7141ecf0ddd1a1d993bb578e5c34d90.jpg,00
e850fd5d115d8d55a12240477c14a961.jpg,01
e8612eca5641a376132a23b3f47b11cf.jpg,01
e941a84fe2fdb21d016dab0030922263.jpg,00
e9c30c4b08de687bb98d36d0748c6962.jpg,00
eaa03cf8aaa158c06da6c07178c3da46.jpg,01
eb55638f204695b5c7be79e6434957b9.jpg,00
eb5a99412e124d733ca538c79be6224b.jpg,01
eb6747f4a437f37f46113af49c47c57e.jpg,00
ebcd0e5d2887c7d19e904dbd06d9066a.jpg,00
ec209ef953c05cff3e4dc5e8e3c5aad7.jpg,01
ecacec5a7df3e001d75e3d8590e52970.jpg,00
ecf7ef6822e3c74744da16aa0468d07e.jpg,00
ee6dc549ff0d091f0e40599c332cc6ff.jpg,00
ef027019fad78b21e4b44f0f3b3de04c.jpg,01
ef2ca17efc968b7a954cf220fc92ab57.jpg,00
ef4057216a2a7385de9c9f4f9eea9115.jpg,00
effd5c18b7ff07579fbfda8b9bebca59.jpg,00
f06af75e6e3f77a97257fde702749fb4.jpg,00
f0d4d46226babc984063f1538d1aca54.jpg,00
f12ddba7358df04b5bbf9fb88de4835d.jpg,00
f15071b133910a46fe3564af71441c46.jpg,00
f192550fefd14b8365d559b1c7afbebb.jpg,00
f1d0fc9e31f7432eda43a73ab398832e.jpg,00
f239056b21413bba8635a26e33588f9c.jpg,01
f24978a20e8e2251d310ca10f511d506.jpg,01
f26a17c816425fa4ba4c608b4a3537c4.jpg,00
f3a346711888de1ed0b9fff43ae55688.jpg,01
f40aec74d11bc1d05f511e15e373567f.jpg,00
f41d29ae965a8d715d932e04a5878852.jpg,00
f4392eeaea10b35adafadca70c7997c2.jpg,01
f5325c902a0dcb083b9e14d0a6be08ad.jpg,00
f544c7acd877bca6bab18a0a34673b73.jpg,00
f5a9c689f2485739fc85826f182e6d9b.jpg,00
f680280fe3d95142342e465a65820fe2.jpg,00
f6bd91700cc66b63acef1cff015a93e5.jpg,01
f845cf7b3e37bc6433b778577c438104.jpg,01
f95d477b242a327927d9ff5f8a72a9da.jpg,00
f9a15bf8bf03181200588e3ef6705b6c.jpg,00
f9a9045ebca22f4a3f3ff4d720085397.jpg,01
faf43bd6ac370e8fbf6691e8a0986bb9.jpg,01
faf7aa95aff9d7d157b99728df65bbd3.jpg,00
fb1c39d88ea4c2c1cfc45a055f28c667.jpg,01
fb5c7ce601784b9e8fa5050a3dd8cb44.jpg,01
fb78bafe4625637b4ddfff57d459178b.jpg,00
fba37bbc2a75c33c40829d7b6beeb12b.jpg,00
fbd2162c9291f98835924bdb422c933e.jpg,01
fd6195012b26ddebf8e86c9264dfe40a.jpg,00
fd663cf2b6e1d7b02938c6aaae0a32d2.jpg,00
fda622a58e2ea059f347785de07c70ea.jpg,01
fe802e16a22b123a47ea7eae5f4c3c40.jpg,00
fe86299313caa5553e740e1efd8cf7ec.jpg,00
ff11cf8409d83e65b0a84056c6fb8f4b.jpg,00
ffef86f7872cd020992e00b7cf6585c7.jpg,00
